{
  "Dalltime": "2023-2-10T00:00:00Z",
  "Authoken": [],
  "MakersBack": [
  "u6d87f6cd142d1600d307b865f26636c0"
  ],
  "CreatorBack": [],
  "BuyerBack": [],
  "OwnerBack": [],
  "MasterBack": [],
  "AdminBack": [],
  "ResponBack": "𝙏𝙝𝙖𝙣𝙠𝙨 𝙁𝙤𝙧 𝙋𝙚𝙧𝙘𝙝𝙖𝙨𝙚:•``•:",
  "RnameBack": "bot",
  "SnameBack": ".",
  "BotBack": [],
  "Logobot": "•",
  "SellerBack": [],
  "BanBack": [],
  "FuckBack": [],
  "MLimit": " ×",
  "MFfresh": " ✓",
  "MuteBack": [],
  "AnnunceBack": [],
  "ProNameBack": [],
  "ProPictureBack": [],
  "ProNoteBack": [],
  "ProAlbumBack": [],
  "ProQrBack": [],
  "ProjoinBack": [],
  "ProInviteBack": [],
  "ProCancelBack": [],
  "ProkickBack": [],
  "GbanBack": {},
  "GadminBack": {},
  "GownerBack": {},
  "TimeBanBack": {}
}